country,date,total_cases,total_deaths,death_rate,people_vaccinated_per_hundred
Afghanistan,2020-02-26,1,0,0,
Afghanistan,2020-02-27,1,0,0,
Afghanistan,2020-02-28,1,0,0,
Afghanistan,2020-02-29,1,0,0,
Afghanistan,2020-03-01,1,0,0,
Afghanistan,2020-03-02,1,0,0,
Afghanistan,2020-03-03,1,0,0,
Afghanistan,2020-03-04,1,0,0,
Afghanistan,2020-03-05,1,0,0,
Afghanistan,2020-03-06,1,0,0,
Afghanistan,2020-03-07,1,0,0,
Afghanistan,2020-03-08,1,0,0,
Afghanistan,2020-03-09,4,0,0,
Afghanistan,2020-03-10,4,0,0,
Afghanistan,2020-03-11,4,0,0,
Afghanistan,2020-03-12,7,0,0,
Afghanistan,2020-03-13,7,0,0,
Afghanistan,2020-03-14,7,0,0,
Afghanistan,2020-03-15,7,0,0,
Afghanistan,2020-03-16,10,0,0,
Afghanistan,2020-03-17,16,0,0,
Afghanistan,2020-03-18,22,0,0,
Afghanistan,2020-03-19,22,0,0,
Afghanistan,2020-03-20,22,0,0,
Afghanistan,2020-03-21,22,0,0,
Afghanistan,2020-03-22,24,0,0,
Afghanistan,2020-03-23,24,0,0,
Afghanistan,2020-03-24,40,0,0,
Afghanistan,2020-03-25,42,1,2.380952380952381,
Afghanistan,2020-03-26,74,1,1.3513513513513513,
Afghanistan,2020-03-27,74,1,1.3513513513513513,
Afghanistan,2020-03-28,80,2,2.5,
Afghanistan,2020-03-29,91,2,2.197802197802198,
Afghanistan,2020-03-30,106,3,2.8301886792452833,
Afghanistan,2020-03-31,114,4,3.508771929824561,
Afghanistan,2020-04-01,166,4,2.4096385542168677,
Afghanistan,2020-04-02,192,4,2.083333333333333,
Afghanistan,2020-04-03,194,4,2.0618556701030926,
Afghanistan,2020-04-04,254,5,1.968503937007874,
Afghanistan,2020-04-05,274,5,1.824817518248175,
Afghanistan,2020-04-06,299,7,2.341137123745819,
Afghanistan,2020-04-07,337,7,2.0771513353115725,
Afghanistan,2020-04-08,367,11,2.997275204359673,
Afghanistan,2020-04-09,423,14,3.309692671394799,
Afghanistan,2020-04-10,444,15,3.3783783783783785,
Afghanistan,2020-04-11,484,15,3.0991735537190084,
Afghanistan,2020-04-12,521,15,2.8790786948176583,
Afghanistan,2020-04-13,555,18,3.2432432432432434,
Afghanistan,2020-04-14,607,19,3.130148270181219,
Afghanistan,2020-04-15,665,22,3.308270676691729,
Afghanistan,2020-04-16,721,25,3.467406380027739,
Afghanistan,2020-04-17,794,29,3.6523929471032743,
Afghanistan,2020-04-18,845,30,3.5502958579881656,
Afghanistan,2020-04-19,908,30,3.303964757709251,
Afghanistan,2020-04-20,933,30,3.215434083601286,
Afghanistan,2020-04-21,996,33,3.313253012048193,
Afghanistan,2020-04-22,1026,36,3.508771929824561,
Afghanistan,2020-04-23,1092,36,3.296703296703297,
Afghanistan,2020-04-24,1176,40,3.4013605442176873,
Afghanistan,2020-04-25,1226,40,3.262642740619902,
Afghanistan,2020-04-26,1330,43,3.2330827067669174,
Afghanistan,2020-04-27,1463,49,3.349282296650718,
Afghanistan,2020-04-28,1531,50,3.2658393207054215,
Afghanistan,2020-04-29,1703,60,3.523194362889019,
Afghanistan,2020-04-30,1827,60,3.284072249589491,
Afghanistan,2020-05-01,1937,60,3.0975735673722253,
Afghanistan,2020-05-02,2171,64,2.947950253339475,
Afghanistan,2020-05-03,2171,64,2.947950253339475,
Afghanistan,2020-05-04,2469,72,2.916160388821385,
Afghanistan,2020-05-05,2469,72,2.916160388821385,
Afghanistan,2020-05-06,2469,72,2.916160388821385,
Afghanistan,2020-05-07,3224,95,2.946650124069479,
Afghanistan,2020-05-08,3392,104,3.0660377358490565,
Afghanistan,2020-05-09,3563,105,2.9469548133595285,
Afghanistan,2020-05-10,3563,105,2.9469548133595285,
Afghanistan,2020-05-11,4041,115,2.845830240039594,
Afghanistan,2020-05-12,4402,119,2.7033166742389825,
Afghanistan,2020-05-13,4664,121,2.5943396226415096,
Afghanistan,2020-05-14,4967,127,2.5568753774914432,
Afghanistan,2020-05-15,5226,132,2.525832376578645,
Afghanistan,2020-05-16,5639,136,2.4117751374357157,
Afghanistan,2020-05-17,6053,153,2.527672228646952,
Afghanistan,2020-05-18,6402,168,2.6241799437675724,
Afghanistan,2020-05-19,6664,169,2.536014405762305,
Afghanistan,2020-05-20,7072,173,2.446266968325792,
Afghanistan,2020-05-21,7653,177,2.3128185025480206,
Afghanistan,2020-05-22,8220,189,2.2992700729927007,
Afghanistan,2020-05-23,9130,201,2.2015334063526835,
Afghanistan,2020-05-24,9866,211,2.1386580174336105,
Afghanistan,2020-05-25,10582,218,2.0601020601020603,
Afghanistan,2020-05-26,11094,219,1.9740400216333154,
Afghanistan,2020-05-27,11831,220,1.859521595807624,
Afghanistan,2020-05-28,12379,226,1.8256725098957913,
Afghanistan,2020-05-29,13016,235,1.8054701905347266,
Afghanistan,2020-05-30,13659,246,1.8010103228640457,
Afghanistan,2020-05-31,14443,248,1.717094786401717,
Afghanistan,2020-06-01,15094,250,1.6562872664634953,
Afghanistan,2020-06-02,15750,265,1.6825396825396828,
Afghanistan,2020-06-03,16492,270,1.6371574096531651,
Afghanistan,2020-06-04,17267,294,1.7026698326287135,
Afghanistan,2020-06-05,17891,299,1.6712313453691798,
Afghanistan,2020-06-06,18969,309,1.6289735884864778,
Afghanistan,2020-06-07,19551,327,1.6725487187356145,
Afghanistan,2020-06-08,20342,357,1.7549896765313144,
Afghanistan,2020-06-09,20917,369,1.76411531290338,
Afghanistan,2020-06-10,21222,376,1.7717463010083874,
Afghanistan,2020-06-11,22142,405,1.829103062054015,
Afghanistan,2020-06-12,22890,426,1.8610747051114023,
Afghanistan,2020-06-13,23546,446,1.8941646139471673,
Afghanistan,2020-06-14,24102,451,1.8712140071363372,
Afghanistan,2020-06-15,24766,471,1.901800856012275,
Afghanistan,2020-06-16,25527,476,1.8646922865985036,
Afghanistan,2020-06-17,25633,484,1.8881910037841847,
Afghanistan,2020-06-18,26874,504,1.8754186202277294,
Afghanistan,2020-06-19,27337,546,1.9972930460547975,
Afghanistan,2020-06-20,27878,548,1.965707726522706,
Afghanistan,2020-06-21,28297,548,1.9366010531151712,
Afghanistan,2020-06-22,28833,581,2.015052197135227,
Afghanistan,2020-06-23,29143,598,2.0519507257317366,
Afghanistan,2020-06-24,29481,618,2.096265391268953,
Afghanistan,2020-06-25,29640,639,2.1558704453441297,
Afghanistan,2020-06-26,30175,675,2.236951118475559,
Afghanistan,2020-06-27,30260,680,2.247191011235955,
Afghanistan,2020-06-28,30616,703,2.2961850013065064,
Afghanistan,2020-06-29,30967,729,2.354118900765331,
Afghanistan,2020-06-30,31238,733,2.3465010564056596,
Afghanistan,2020-07-01,31359,735,2.343824739309289,
Afghanistan,2020-07-02,31762,774,2.4368742522511178,
Afghanistan,2020-07-03,32022,807,2.520142402098557,
Afghanistan,2020-07-04,32324,819,2.5337210741244895,
Afghanistan,2020-07-05,32672,826,2.528158667972576,
Afghanistan,2020-07-06,32951,864,2.622075202573518,
Afghanistan,2020-07-07,33064,887,2.6826760222598596,
Afghanistan,2020-07-08,33384,920,2.7558111670261205,
Afghanistan,2020-07-09,33594,936,2.786211823539918,
Afghanistan,2020-07-10,33653,937,2.784298576649927,
Afghanistan,2020-07-11,34194,971,2.83967947593145,
Afghanistan,2020-07-12,34351,975,2.8383453174580073,
Afghanistan,2020-07-13,34451,1010,2.931700095788221,
Afghanistan,2020-07-14,34455,1012,2.9371644173559712,
Afghanistan,2020-07-15,34740,1045,3.0080598733448474,
Afghanistan,2020-07-16,34940,1094,3.131081854607899,
Afghanistan,2020-07-17,35070,1113,3.1736526946107784,
Afghanistan,2020-07-18,35229,1147,3.255840358795311,
Afghanistan,2020-07-19,35289,1147,3.2503046275043213,
Afghanistan,2020-07-20,35475,1181,3.3291050035236083,
Afghanistan,2020-07-21,35509,1183,3.3315497479512235,
Afghanistan,2020-07-22,35615,1184,3.3244419486171557,
Afghanistan,2020-07-23,35727,1190,3.3308142301340724,
Afghanistan,2020-07-24,35915,1211,3.3718502018655157,
Afghanistan,2020-07-25,35981,1225,3.4045746366137686,
Afghanistan,2020-07-26,36036,1246,3.4576534576534574,
Afghanistan,2020-07-27,36157,1259,3.482036673396576,
Afghanistan,2020-07-28,36263,1269,3.499434685492099,
Afghanistan,2020-07-29,36368,1270,3.4920809502859655,
Afghanistan,2020-07-30,36471,1271,3.484960653670039,
Afghanistan,2020-07-31,36542,1271,3.4781894805976683,
Afghanistan,2020-08-01,36542,1271,3.4781894805976683,
Afghanistan,2020-08-02,36710,1283,3.494960501225824,
Afghanistan,2020-08-03,36710,1283,3.494960501225824,
Afghanistan,2020-08-04,36710,1283,3.494960501225824,
Afghanistan,2020-08-05,36747,1288,3.505048031131793,
Afghanistan,2020-08-06,36829,1294,3.513535529066768,
Afghanistan,2020-08-07,36896,1298,3.5179965307892456,
Afghanistan,2020-08-08,36937,1298,3.51409156130709,
Afghanistan,2020-08-09,37015,1307,3.5310009455626097,
Afghanistan,2020-08-10,37054,1312,3.540778323527824,
Afghanistan,2020-08-11,37054,1312,3.540778323527824,
Afghanistan,2020-08-12,37269,1344,3.606214279964582,
Afghanistan,2020-08-13,37345,1354,3.625652697817646,
Afghanistan,2020-08-14,37424,1363,3.6420478837109873,
Afghanistan,2020-08-15,37431,1363,3.641366781544709,
Afghanistan,2020-08-16,37551,1370,3.648371548028015,
Afghanistan,2020-08-17,37596,1375,3.6573039685072883,
Afghanistan,2020-08-18,37596,1375,3.6573039685072883,
Afghanistan,2020-08-19,37599,1375,3.6570121545785796,
Afghanistan,2020-08-20,37599,1375,3.6570121545785796,
Afghanistan,2020-08-21,37759,1383,3.6627029317513706,
Afghanistan,2020-08-22,37856,1385,3.6586010143702454,
Afghanistan,2020-08-23,37894,1385,3.654932179236819,
Afghanistan,2020-08-24,37953,1385,3.6492503886385794,
Afghanistan,2020-08-25,37999,1387,3.6500960551593464,
Afghanistan,2020-08-26,38070,1397,3.6695560809035985,
Afghanistan,2020-08-27,38113,1401,3.6759111064466192,
Afghanistan,2020-08-28,38129,1401,3.6743685908363717,
Afghanistan,2020-08-29,38140,1402,3.675930781331935,
Afghanistan,2020-08-30,38143,1402,3.67564166426343,
Afghanistan,2020-08-31,38143,1402,3.67564166426343,
Afghanistan,2020-09-01,38162,1402,3.673811645091976,
Afghanistan,2020-09-02,38196,1406,3.6810137187140013,
Afghanistan,2020-09-03,38243,1409,3.684334387992574,
Afghanistan,2020-09-04,38288,1409,3.6800041788549938,
Afghanistan,2020-09-05,38288,1409,3.6800041788549938,
Afghanistan,2020-09-06,38304,1409,3.678467000835422,
Afghanistan,2020-09-07,38398,1412,3.677274858065524,
Afghanistan,2020-09-08,38494,1415,3.675897542474152,
Afghanistan,2020-09-09,38520,1418,3.681204569055036,
Afghanistan,2020-09-10,38544,1420,3.684101286841013,
Afghanistan,2020-09-11,38572,1420,3.681426941823084,
Afghanistan,2020-09-12,38606,1420,3.6781847381236075,
Afghanistan,2020-09-13,38641,1420,3.6748531352708267,
Afghanistan,2020-09-14,38716,1420,3.667734270069222,
Afghanistan,2020-09-15,38772,1425,3.675332714329929,
Afghanistan,2020-09-16,38815,1426,3.673837433981708,
Afghanistan,2020-09-17,38855,1436,3.695792047355553,
Afghanistan,2020-09-18,38872,1436,3.6941757563284625,
Afghanistan,2020-09-19,38883,1437,3.6957024920916597,
Afghanistan,2020-09-20,38919,1437,3.692283974408387,
Afghanistan,2020-09-21,39044,1441,3.6907079192705665,
Afghanistan,2020-09-22,39074,1444,3.6955520294825206,
Afghanistan,2020-09-23,39096,1445,3.6960302844280744,
Afghanistan,2020-09-24,39145,1446,3.693958359943799,
Afghanistan,2020-09-25,39170,1451,3.7043655859075826,
Afghanistan,2020-09-26,39186,1451,3.7028530597662432,
Afghanistan,2020-09-27,39192,1453,3.7073892631149215,
Afghanistan,2020-09-28,39227,1453,3.704081372524027,
Afghanistan,2020-09-29,39239,1456,3.7105940518361837,
Afghanistan,2020-09-30,39254,1458,3.714271157079533,
Afghanistan,2020-10-01,39268,1458,3.7129469287969847,
Afghanistan,2020-10-02,39285,1458,3.711340206185567,
Afghanistan,2020-10-03,39290,1458,3.71086790531942,
Afghanistan,2020-10-04,39297,1462,3.7203857800849933,
Afghanistan,2020-10-05,39341,1462,3.7162248036399683,
Afghanistan,2020-10-06,39422,1466,3.7187357313175387,
Afghanistan,2020-10-07,39486,1467,3.7152408448564045,
Afghanistan,2020-10-08,39548,1469,3.7144735511277434,
Afghanistan,2020-10-09,39616,1470,3.7106219709208403,
Afghanistan,2020-10-10,39693,1472,3.708462449298365,
Afghanistan,2020-10-11,39703,1473,3.710047099715387,
Afghanistan,2020-10-12,39799,1477,3.7111485213196316,
Afghanistan,2020-10-13,39870,1479,3.709556057185854,
Afghanistan,2020-10-14,39928,1480,3.7066720096173107,
Afghanistan,2020-10-15,39994,1481,3.703055458318748,
Afghanistan,2020-10-16,40026,1481,3.7000949382901114,
Afghanistan,2020-10-17,40073,1485,3.705737029920395,
Afghanistan,2020-10-18,40141,1488,3.706933060960116,
Afghanistan,2020-10-19,40200,1492,3.711442786069652,
Afghanistan,2020-10-20,40287,1497,3.7158388562067173,
Afghanistan,2020-10-21,40375,1499,3.7126934984520124,
Afghanistan,2020-10-22,40510,1501,3.7052579609972844,
Afghanistan,2020-10-23,40626,1505,3.7045241963274753,
Afghanistan,2020-10-24,40687,1507,3.7038857620370145,
Afghanistan,2020-10-25,40768,1511,3.70633830455259,
Afghanistan,2020-10-26,40833,1514,3.707785369676487,
Afghanistan,2020-10-27,40937,1518,3.7081368932750323,
Afghanistan,2020-10-28,41032,1523,3.7117371807369857,
Afghanistan,2020-10-29,41145,1529,3.716125896220683,
Afghanistan,2020-10-30,41268,1532,3.7123194727149365,
Afghanistan,2020-10-31,41334,1533,3.7088111482072867,
Afghanistan,2020-11-01,41425,1536,3.707905853952927,
Afghanistan,2020-11-02,41501,1536,3.7011156357678128,
Afghanistan,2020-11-03,41633,1541,3.7013907237047534,
Afghanistan,2020-11-04,41728,1544,3.700153374233129,
Afghanistan,2020-11-05,41814,1548,3.702109341368919,
Afghanistan,2020-11-06,41935,1554,3.7057350661738404,
Afghanistan,2020-11-07,41975,1554,3.702203692674211,
Afghanistan,2020-11-08,42033,1556,3.7018533057359693,
Afghanistan,2020-11-09,42159,1562,3.7050214663535663,
Afghanistan,2020-11-10,42297,1574,3.7213041114027,
Afghanistan,2020-11-11,42463,1577,3.7138214445517272,
Afghanistan,2020-11-12,42609,1581,3.7104837006266282,
Afghanistan,2020-11-13,42795,1591,3.7177240331814465,
Afghanistan,2020-11-14,42969,1595,3.711978403034746,
Afghanistan,2020-11-15,43035,1605,3.729522481700941,
Afghanistan,2020-11-16,43240,1617,3.73959296947271,
Afghanistan,2020-11-17,43403,1626,3.7462848190217266,
Afghanistan,2020-11-18,43628,1638,3.7544696066746126,
Afghanistan,2020-11-19,43851,1645,3.751339764201501,
Afghanistan,2020-11-20,44228,1650,3.730668354888306,
Afghanistan,2020-11-21,44443,1661,3.737371464572599,
Afghanistan,2020-11-22,44503,1675,3.7637912050872977,
Afghanistan,2020-11-23,44706,1687,3.773542701203418,
Afghanistan,2020-11-24,44988,1695,3.7676713790344087,
Afghanistan,2020-11-25,45278,1712,3.781085737002518,
Afghanistan,2020-11-26,45490,1725,3.792042207078479,
Afghanistan,2020-11-27,45716,1737,3.79954501706186,
Afghanistan,2020-11-28,45839,1740,3.7958943257924473,
Afghanistan,2020-11-29,45966,1752,3.8115128573293307,
Afghanistan,2020-11-30,46215,1763,3.814778751487612,
Afghanistan,2020-12-01,46498,1774,3.8152178588326384,
Afghanistan,2020-12-02,46717,1795,3.842284393261554,
Afghanistan,2020-12-03,46980,1822,3.878246062154108,
Afghanistan,2020-12-04,47258,1841,3.8956367175927884,
Afghanistan,2020-12-05,47388,1847,3.8976112095889257,
Afghanistan,2020-12-06,47641,1865,3.9146953254549652,
Afghanistan,2020-12-07,47901,1875,3.914323291789316,
Afghanistan,2020-12-08,48136,1902,3.9513046368622238,
Afghanistan,2020-12-09,48366,1908,3.9449199851135095,
Afghanistan,2020-12-10,48540,1921,3.9575607746188712,
Afghanistan,2020-12-11,48753,1939,3.9771911472114536,
Afghanistan,2020-12-12,48826,1949,3.99172571990333,
Afghanistan,2020-12-13,48952,1960,4.003922209511359,
Afghanistan,2020-12-14,49273,1971,4.00016236072494,
Afghanistan,2020-12-15,49484,1975,3.991189071214938,
Afghanistan,2020-12-16,49703,2001,4.0259139287366965,
Afghanistan,2020-12-17,49927,2017,4.039898251447113,
Afghanistan,2020-12-18,50202,2032,4.0476475040835025,
Afghanistan,2020-12-19,50456,2037,4.037180910099889,
Afghanistan,2020-12-20,50536,2054,4.064429317714105,
Afghanistan,2020-12-21,50678,2074,4.092505623742058,
Afghanistan,2020-12-22,50888,2089,4.105093538751769,
Afghanistan,2020-12-23,51070,2105,4.12179361660466,
Afghanistan,2020-12-24,51357,2126,4.139649901668712,
Afghanistan,2020-12-25,51595,2135,4.137997868010466,
Afghanistan,2020-12-26,51764,2148,4.149602040027819,
Afghanistan,2020-12-27,51848,2158,4.162166332356118,
Afghanistan,2020-12-28,52007,2170,4.172515238333301,
Afghanistan,2020-12-29,52147,2182,4.18432508102096,
Afghanistan,2020-12-30,52330,2189,4.183068985285687,
Afghanistan,2020-12-31,52330,2189,4.183068985285687,
Afghanistan,2021-01-01,52513,2201,4.191343095995277,
Afghanistan,2021-01-02,52586,2211,4.204541132620849,
Afghanistan,2021-01-03,52709,2221,4.2137016448803815,
Afghanistan,2021-01-04,52909,2230,4.214783874199097,
Afghanistan,2021-01-05,53011,2237,4.2198788930599305,
Afghanistan,2021-01-06,53105,2244,4.22559081065813,
Afghanistan,2021-01-07,53207,2253,4.23440524742985,
Afghanistan,2021-01-08,53332,2257,4.231980799519988,
Afghanistan,2021-01-09,53400,2264,4.239700374531835,
Afghanistan,2021-01-10,53489,2277,4.2569500271083776,
Afghanistan,2021-01-11,53538,2288,4.27360005977063,
Afghanistan,2021-01-12,53584,2301,4.294192296207823,
Afghanistan,2021-01-13,53690,2308,4.298752095362265,
Afghanistan,2021-01-14,53775,2314,4.303114830311483,
Afghanistan,2021-01-15,53831,2324,4.317214987646524,
Afghanistan,2021-01-16,53938,2336,4.330898438948423,
Afghanistan,2021-01-17,53984,2339,4.332765263781861,
Afghanistan,2021-01-18,54062,2343,4.333912914801524,
Afghanistan,2021-01-19,54141,2346,4.333130160137419,
Afghanistan,2021-01-20,54278,2354,4.3369320903496815,
Afghanistan,2021-01-21,54403,2363,4.343510468172711,
Afghanistan,2021-01-22,54483,2370,4.349980727933485,
Afghanistan,2021-01-23,54559,2373,4.349419894059642,
Afghanistan,2021-01-24,54595,2378,4.35571022987453,
Afghanistan,2021-01-25,54672,2385,4.362379280070237,
Afghanistan,2021-01-26,54750,2389,4.363470319634703,
Afghanistan,2021-01-27,54854,2389,4.355197433186276,
Afghanistan,2021-01-28,54891,2397,4.3668360933486365,
Afghanistan,2021-01-29,54939,2399,4.366661206064908,
Afghanistan,2021-01-30,55008,2400,4.363001745200698,
Afghanistan,2021-01-31,55023,2400,4.361812333024371,
Afghanistan,2021-02-01,55059,2404,4.366225321927387,
Afghanistan,2021-02-02,55121,2405,4.363128390268681,
Afghanistan,2021-02-03,55174,2406,4.360749628448183,
Afghanistan,2021-02-04,55231,2407,4.358059785265521,
Afghanistan,2021-02-05,55265,2407,4.355378630236135,
Afghanistan,2021-02-06,55330,2408,4.352069401771191,
Afghanistan,2021-02-07,55335,2410,4.355290503298093,
Afghanistan,2021-02-08,55359,2413,4.358821510504163,
Afghanistan,2021-02-09,55384,2414,4.358659540661563,
Afghanistan,2021-02-10,55402,2418,4.364463376773402,
Afghanistan,2021-02-11,55420,2419,4.364850234572357,
Afghanistan,2021-02-12,55445,2424,4.371900081161511,
Afghanistan,2021-02-13,55473,2427,4.375101400681412,
Afghanistan,2021-02-14,55492,2427,4.373603402292222,
Afghanistan,2021-02-15,55514,2427,4.371870158878841,
Afghanistan,2021-02-16,55518,2428,4.37335638891891,
Afghanistan,2021-02-17,55540,2428,4.371624054735325,
Afghanistan,2021-02-18,55557,2430,4.373886278956747,
Afghanistan,2021-02-19,55575,2430,4.37246963562753,
Afghanistan,2021-02-20,55580,2430,4.37207628643397,
Afghanistan,2021-02-21,55604,2432,4.373786058556938,
Afghanistan,2021-02-22,55617,2433,4.374561734721398,0.0
Afghanistan,2021-02-23,55646,2435,4.3758760737519315,
Afghanistan,2021-02-24,55664,2436,4.37625754527163,
Afghanistan,2021-02-25,55680,2438,4.378591954022989,
Afghanistan,2021-02-26,55696,2442,4.384515943694341,
Afghanistan,2021-02-27,55707,2443,4.385445276177141,
Afghanistan,2021-02-28,55714,2443,4.384894281509136,0.020207573
Afghanistan,2021-03-01,55733,2444,4.385193691349828,
Afghanistan,2021-03-02,55759,2446,4.3867357735970876,
Afghanistan,2021-03-03,55770,2446,4.385870539716693,
Afghanistan,2021-03-04,55775,2446,4.385477364410578,
Afghanistan,2021-03-05,55827,2449,4.386766260053379,
Afghanistan,2021-03-06,55840,2449,4.385744985673353,
Afghanistan,2021-03-07,55847,2449,4.385195265636471,
Afghanistan,2021-03-08,55876,2451,4.386498675638915,
Afghanistan,2021-03-09,55876,2451,4.386498675638915,
Afghanistan,2021-03-10,55894,2451,4.38508605574838,
Afghanistan,2021-03-11,55917,2451,4.383282364933741,
Afghanistan,2021-03-12,55959,2454,4.385353562429636,
Afghanistan,2021-03-13,55959,2454,4.385353562429636,
Afghanistan,2021-03-14,55985,2457,4.38867553809056,
Afghanistan,2021-03-15,55985,2459,4.392247923550951,
Afghanistan,2021-03-16,55995,2460,4.393249397267613,0.13307425
Afghanistan,2021-03-17,56016,2460,4.391602399314482,
Afghanistan,2021-03-18,56044,2462,4.3929769466847475,
Afghanistan,2021-03-19,56069,2462,4.391018209705898,
Afghanistan,2021-03-20,56093,2462,4.389139464817357,
Afghanistan,2021-03-21,56103,2463,4.390139564729159,
Afghanistan,2021-03-22,56153,2464,4.3880113261980656,
Afghanistan,2021-03-23,56177,2466,4.38969685102444,
Afghanistan,2021-03-24,56192,2466,4.388525056947609,
Afghanistan,2021-03-25,56226,2467,4.387649841710241,
Afghanistan,2021-03-26,56254,2467,4.385465922423294,
Afghanistan,2021-03-27,56290,2469,4.386214247646119,
Afghanistan,2021-03-28,56294,2470,4.3876789711159265,
Afghanistan,2021-03-29,56322,2472,4.389048684350698,
Afghanistan,2021-03-30,56384,2476,4.391316685584563,
Afghanistan,2021-03-31,56454,2484,4.400042512488043,
Afghanistan,2021-04-01,56517,2489,4.403984641789196,
Afghanistan,2021-04-02,56572,2495,4.4103089867779115,
Afghanistan,2021-04-03,56595,2496,4.410283593957064,
Afghanistan,2021-04-04,56676,2497,4.405744936128167,
Afghanistan,2021-04-05,56717,2508,4.421954616781565,
Afghanistan,2021-04-06,56779,2512,4.4241709082583345,
Afghanistan,2021-04-07,56873,2512,4.416858614808432,0.29572058
Afghanistan,2021-04-08,56943,2516,4.418453541260559,
Afghanistan,2021-04-09,57019,2521,4.421333239797261,
Afghanistan,2021-04-10,57144,2521,4.411661766764665,
Afghanistan,2021-04-11,57160,2521,4.4104268719384185,
Afghanistan,2021-04-12,57242,2529,4.4180846231787845,
Afghanistan,2021-04-13,57364,2529,4.408688375984939,
Afghanistan,2021-04-14,57492,2532,4.404091003965769,
Afghanistan,2021-04-15,57534,2533,4.402614106441408,
Afghanistan,2021-04-16,57612,2535,4.400124973963758,
Afghanistan,2021-04-17,57721,2539,4.398745690476603,
Afghanistan,2021-04-18,57793,2539,4.393265620403855,
Afghanistan,2021-04-19,57898,2546,4.39738851082939,
Afghanistan,2021-04-20,58037,2549,4.392025776659717,
Afghanistan,2021-04-21,58214,2557,4.392414195897894,
Afghanistan,2021-04-22,58312,2561,4.391891891891892,0.59144115
Afghanistan,2021-04-23,58542,2565,4.38146971405145,
Afghanistan,2021-04-24,58730,2572,4.3793631874680745,
Afghanistan,2021-04-25,58843,2582,4.387947589347926,
Afghanistan,2021-04-26,59015,2592,4.39210370244853,
Afghanistan,2021-04-27,59225,2598,4.386661038412833,
Afghanistan,2021-04-28,59370,2611,4.3978440289708605,
Afghanistan,2021-04-29,59576,2618,4.394387001477105,
Afghanistan,2021-04-30,59745,2625,4.393673110720562,
Afghanistan,2021-05-01,59939,2631,4.3894626203306695,
Afghanistan,2021-05-02,60122,2637,4.386081634010845,
Afghanistan,2021-05-03,60300,2642,4.381426202321725,
Afghanistan,2021-05-04,60563,2648,4.3723065237851495,
Afghanistan,2021-05-05,60797,2654,4.365346974357287,
Afghanistan,2021-05-06,61162,2664,4.355645662339361,
Afghanistan,2021-05-07,61455,2673,4.349524041981938,
Afghanistan,2021-05-08,61755,2683,4.344587482794916,
Afghanistan,2021-05-09,61842,2686,4.343326541832412,
Afghanistan,2021-05-10,62063,2698,4.347195591576301,
Afghanistan,2021-05-11,62403,2710,4.342739932375046,1.1061872
Afghanistan,2021-05-12,62718,2713,4.3257119168340825,
Afghanistan,2021-05-13,63045,2721,4.315964787056864,
Afghanistan,2021-05-14,63355,2730,4.309052166364139,
Afghanistan,2021-05-15,63412,2733,4.309909796253075,
Afghanistan,2021-05-16,63484,2742,4.319198538214353,
Afghanistan,2021-05-17,63598,2745,4.316173464574358,
Afghanistan,2021-05-18,63819,2751,4.310628496215861,
Afghanistan,2021-05-19,64122,2762,4.307413992077603,
Afghanistan,2021-05-20,64575,2772,4.2926829268292686,1.1590793
Afghanistan,2021-05-21,65080,2782,4.274738783036263,
Afghanistan,2021-05-22,65486,2792,4.263506703722933,
Afghanistan,2021-05-23,65728,2802,4.263023369036027,
Afghanistan,2021-05-24,66275,2812,4.242927197284044,1.1739293
Afghanistan,2021-05-25,66903,2836,4.23897284127767,
Afghanistan,2021-05-26,67743,2855,4.21445758233323,1.1813347
Afghanistan,2021-05-27,68366,2869,4.196530439107159,1.1818326
Afghanistan,2021-05-28,69130,2881,4.167510487487343,
Afghanistan,2021-05-29,70111,2899,4.134871846072656,
Afghanistan,2021-05-30,70761,2919,4.125153686352652,1.1834393
Afghanistan,2021-05-31,71838,2944,4.098109635568918,
Afghanistan,2021-06-01,72977,2973,4.073886292941611,
Afghanistan,2021-06-02,74026,3007,4.062086294004809,1.187047
Afghanistan,2021-06-03,75119,3034,4.038924905816105,1.1873181
Afghanistan,2021-06-04,76628,3068,4.0037584172887195,
Afghanistan,2021-06-05,77963,3104,3.9813757808191066,
Afghanistan,2021-06-06,79224,3145,3.9697566394022012,
Afghanistan,2021-06-07,80841,3187,3.942306502888386,
Afghanistan,2021-06-08,82326,3251,3.948934722930787,1.190157
Afghanistan,2021-06-09,84050,3305,3.932183224271267,
Afghanistan,2021-06-10,85892,3356,3.9072323382852887,
Afghanistan,2021-06-11,87716,3412,3.8898262574672806,
Afghanistan,2021-06-12,88740,3449,3.886635113815641,
Afghanistan,2021-06-13,89861,3527,3.9249507572806888,
Afghanistan,2021-06-14,91458,3612,3.949353801745063,1.1945559
Afghanistan,2021-06-15,93272,3683,3.9486662664036367,
Afghanistan,2021-06-16,93288,3683,3.9479890232398596,
Afghanistan,2021-06-17,96531,3842,3.9800685790057075,
Afghanistan,2021-06-18,98734,3934,3.984443049000344,
Afghanistan,2021-06-19,100521,4030,4.009112523751256,
Afghanistan,2021-06-20,101906,4122,4.044904127333032,
Afghanistan,2021-06-21,103902,4215,4.056707281861755,
Afghanistan,2021-06-22,105749,4293,4.059612856859166,1.4345602
Afghanistan,2021-06-23,107957,4366,4.044202784441954,
Afghanistan,2021-06-24,109532,4452,4.06456560639813,
Afghanistan,2021-06-25,111592,4519,4.04957344612517,
Afghanistan,2021-06-26,113124,4594,4.06103037374916,
Afghanistan,2021-06-27,114220,4650,4.071090877254421,1.600425
Afghanistan,2021-06-28,115751,4730,4.086357785245916,
Afghanistan,2021-06-29,117158,4794,4.091910070161662,
Afghanistan,2021-06-30,118659,4871,4.105040494189232,1.7230653
Afghanistan,2021-07-01,120216,4962,4.127570373328009,
Afghanistan,2021-07-02,122156,5048,4.132420838927273,
Afghanistan,2021-07-03,123485,5107,4.135724986840507,
Afghanistan,2021-07-04,124748,5199,4.167601885400969,
Afghanistan,2021-07-05,125937,5283,4.194954620167227,1.7899696
Afghanistan,2021-07-06,127464,5360,4.205108893491496,
Afghanistan,2021-07-07,129021,5415,4.196991187481108,1.8118135
Afghanistan,2021-07-08,130113,5477,4.209417967459054,
Afghanistan,2021-07-09,131586,5561,4.2261334792455125,
Afghanistan,2021-07-10,132777,5638,4.246217341858906,
Afghanistan,2021-07-11,133578,5724,4.285136774019674,1.8308406
Afghanistan,2021-07-12,134653,5791,4.300683980304932,
Afghanistan,2021-07-13,135889,5849,4.304248320320261,
Afghanistan,2021-07-14,136643,5923,4.334653074068924,
Afghanistan,2021-07-15,137853,5983,4.340130428790088,
Afghanistan,2021-07-16,139051,6072,4.366743137410015,
Afghanistan,2021-07-17,140224,6098,4.3487562756732085,
Afghanistan,2021-07-18,140602,6147,4.371915050995008,
Afghanistan,2021-07-19,141499,6213,4.3908437515459475,
Afghanistan,2021-07-20,142414,6266,4.399848329518165,
Afghanistan,2021-07-21,142762,6293,4.408035751810706,
Afghanistan,2021-07-22,143183,6325,4.417423856184044,
Afghanistan,2021-07-23,143439,6357,4.431849078702445,
Afghanistan,2021-07-24,143666,6393,4.449904639928723,
Afghanistan,2021-07-25,143871,6425,4.46580617358606,
Afghanistan,2021-07-26,144285,6477,4.4890321239214055,
Afghanistan,2021-07-27,145008,6515,4.492855566589429,
Afghanistan,2021-07-28,145552,6577,4.518659997801473,
Afghanistan,2021-07-29,145996,6615,4.530946053316529,
Afghanistan,2021-07-30,146523,6677,4.5569637531309075,
Afghanistan,2021-07-31,147154,6708,4.558489745436754,
Afghanistan,2021-08-01,147501,6737,4.567426661514159,
Afghanistan,2021-08-02,147985,6774,4.577490961921817,
Afghanistan,2021-08-03,148572,6804,4.579597770777805,
Afghanistan,2021-08-04,148933,6836,4.58998341536127,
Afghanistan,2021-08-05,149361,6864,4.595577158696045,
Afghanistan,2021-08-06,149810,6879,4.591816300647487,
Afghanistan,2021-08-07,150240,6897,4.590654952076678,
Afghanistan,2021-08-08,150458,6908,4.591314519666618,
Afghanistan,2021-08-09,150778,6936,4.600140604066906,
Afghanistan,2021-08-10,151013,6961,4.609536927284406,
Afghanistan,2021-08-11,151291,6978,4.612303441711668,
Afghanistan,2021-08-12,151563,6988,4.610623964951868,
Afghanistan,2021-08-13,151770,7000,4.612242208605126,
Afghanistan,2021-08-14,151941,7010,4.613632923305757,
Afghanistan,2021-08-15,152033,7021,4.618076338689627,
Afghanistan,2021-08-16,152142,7025,4.617396905522472,
Afghanistan,2021-08-17,152243,7031,4.618274731843171,
Afghanistan,2021-08-18,152363,7043,4.622513339852851,
Afghanistan,2021-08-19,152411,7047,4.6236820177021345,
Afghanistan,2021-08-20,152448,7054,4.627151553316541,1.8988761
Afghanistan,2021-08-21,152497,7065,4.632878023829977,
Afghanistan,2021-08-22,152511,7070,4.635731193159837,
Afghanistan,2021-08-23,152583,7076,4.6374759966706645,
Afghanistan,2021-08-24,152660,7083,4.639722258613913,
Afghanistan,2021-08-25,152722,7090,4.6424221788609366,
Afghanistan,2021-08-26,152822,7093,4.6413474499744805,
Afghanistan,2021-08-27,152960,7101,4.642390167364017,
Afghanistan,2021-08-28,153007,7103,4.642271268634769,
Afghanistan,2021-08-29,153033,7109,4.645403279031321,
Afghanistan,2021-08-30,153148,7116,4.646485752344138,
Afghanistan,2021-08-31,153220,7118,4.645607623025715,1.9049383
Afghanistan,2021-09-01,153260,7123,4.64765757536213,
Afghanistan,2021-09-02,153306,7127,4.648872190260002,
Afghanistan,2021-09-03,153375,7127,4.646780766096169,
Afghanistan,2021-09-04,153395,7128,4.64682681964862,
Afghanistan,2021-09-05,153423,7132,4.648585935615912,
Afghanistan,2021-09-06,153534,7141,4.651087055635885,
Afghanistan,2021-09-07,153626,7144,4.650254514209834,
Afghanistan,2021-09-08,153736,7151,4.651480460009367,
Afghanistan,2021-09-09,153840,7157,4.652236089443577,
Afghanistan,2021-09-10,153962,7164,4.653096218547434,
Afghanistan,2021-09-11,153982,7167,4.65444012936577,
Afghanistan,2021-09-12,153990,7167,4.65419832456653,
Afghanistan,2021-09-13,154094,7169,4.652355056004776,
Afghanistan,2021-09-14,154180,7171,4.651057205863276,
Afghanistan,2021-09-15,154283,7174,4.649896618551623,
Afghanistan,2021-09-16,154361,7183,4.653377472288986,
Afghanistan,2021-09-17,154487,7186,4.651524076459508,
Afghanistan,2021-09-18,154532,7195,4.655993580617607,
Afghanistan,2021-09-19,154539,7199,4.658371026084031,
Afghanistan,2021-09-20,154585,7199,4.656984830352234,
Afghanistan,2021-09-21,154712,7199,4.653162004240136,
Afghanistan,2021-09-22,154757,7199,4.651808965022584,
Afghanistan,2021-09-23,154800,7199,4.650516795865633,
Afghanistan,2021-09-24,154838,7199,4.649375476304266,
Afghanistan,2021-09-25,154897,7199,4.647604537208597,
Afghanistan,2021-09-26,154899,7199,4.647544529015681,
Afghanistan,2021-09-27,154950,7200,4.646660212971927,
Afghanistan,2021-09-28,154971,7201,4.646675829671358,
Afghanistan,2021-09-29,155006,7204,4.647562029856909,
Afghanistan,2021-09-30,155052,7204,4.646183215953357,2.041953
Afghanistan,2021-10-01,155069,7206,4.646963609747918,
Afghanistan,2021-10-02,155106,7209,4.647789253800626,
Afghanistan,2021-10-03,155141,7212,4.648674431646051,
Afghanistan,2021-10-04,155165,7212,4.6479554023136656,
Afghanistan,2021-10-05,155187,7214,4.648585255208233,
Afghanistan,2021-10-06,155218,7216,4.648945354275921,
Afghanistan,2021-10-07,155260,7220,4.65026407316759,
Afghanistan,2021-10-08,155307,7221,4.64950066642199,
Afghanistan,2021-10-09,155326,7221,4.64893192382473,
Afghanistan,2021-10-10,155344,7221,4.648393243382428,
Afghanistan,2021-10-11,155387,7226,4.650324673235213,
Afghanistan,2021-10-12,155418,7228,4.650683961960648,
Afghanistan,2021-10-13,155477,7230,4.6502054966329425,
Afghanistan,2021-10-14,155505,7234,4.651940452075496,
Afghanistan,2021-10-15,155560,7238,4.652867060941116,
Afghanistan,2021-10-16,155581,7238,4.6522390266163605,
Afghanistan,2021-10-17,155617,7238,4.651162790697675,
Afghanistan,2021-10-18,155641,7243,4.653658097801993,
Afghanistan,2021-10-19,155654,7246,4.655196782607578,
Afghanistan,2021-10-20,155679,7247,4.65509156662106,
Afghanistan,2021-10-21,155737,7247,4.653357904672621,
Afghanistan,2021-10-22,155769,7249,4.65368590669517,
Afghanistan,2021-10-23,155809,7252,4.654416625483766,
Afghanistan,2021-10-24,155818,7253,4.654789562181519,
Afghanistan,2021-10-25,155863,7257,4.656012010547725,
Afghanistan,2021-10-26,155918,7260,4.656293692838543,
Afghanistan,2021-10-27,155949,7262,4.656650571661249,
Afghanistan,2021-10-28,156002,7266,4.657632594453917,
Afghanistan,2021-10-29,156044,7268,4.6576606598138985,
Afghanistan,2021-10-30,156074,7269,4.657406102233556,
Afghanistan,2021-10-31,156088,7272,4.658910358259443,
Afghanistan,2021-11-01,156128,7280,4.66284074605452,
Afghanistan,2021-11-02,156162,7281,4.662465900795328,
Afghanistan,2021-11-03,156185,7281,4.661779300188878,
Afghanistan,2021-11-04,156201,7284,4.663222386540419,
Afghanistan,2021-11-05,156241,7284,4.662028532843491,
Afghanistan,2021-11-06,156270,7284,4.661163371088501,
Afghanistan,2021-11-07,156275,7284,4.6610142377219645,
Afghanistan,2021-11-08,156295,7287,4.662337246872901,
Afghanistan,2021-11-09,156329,7288,4.661962911551919,
Afghanistan,2021-11-10,156414,7291,4.661347449716778,
Afghanistan,2021-11-11,156414,7291,4.661347449716778,
Afghanistan,2021-11-12,156456,7292,4.6607352865981495,
Afghanistan,2021-11-13,156491,7292,4.659692889686947,
Afghanistan,2021-11-14,156512,7292,4.65906767532202,8.69954
Afghanistan,2021-11-15,156552,7293,4.658516020236088,
Afghanistan,2021-11-16,156610,7294,4.657429282932124,
Afghanistan,2021-11-17,156649,7295,4.656908119426233,
Afghanistan,2021-11-18,156739,7297,4.655510115542398,
Afghanistan,2021-11-19,156786,7299,4.655390149630707,
Afghanistan,2021-11-20,156830,7299,4.654084040043359,
Afghanistan,2021-11-21,156864,7301,4.654350265197879,
Afghanistan,2021-11-22,156911,7303,4.6542307422679094,
Afghanistan,2021-11-23,156961,7303,4.65274813488701,
Afghanistan,2021-11-24,157015,7305,4.65242174314556,
Afghanistan,2021-11-25,157032,7306,4.652554893270162,
Afghanistan,2021-11-26,157144,7307,4.649875273634374,
Afghanistan,2021-11-27,157171,7307,4.6490764835752145,
Afghanistan,2021-11-28,157190,7308,4.6491507093326545,
Afghanistan,2021-11-29,157218,7308,4.648322711139946,
Afghanistan,2021-11-30,157260,7308,4.647081266692102,
Afghanistan,2021-12-01,157289,7308,4.646224465792267,
Afghanistan,2021-12-02,157359,7309,4.644793116377201,
Afghanistan,2021-12-03,157387,7310,4.644602159009321,
Afghanistan,2021-12-04,157407,7310,4.644012019795816,
Afghanistan,2021-12-05,157431,7312,4.6445744484885445,
Afghanistan,2021-12-06,157454,7312,4.643895995020768,
Afghanistan,2021-12-07,157499,7316,4.6451088578340185,
Afghanistan,2021-12-08,157508,7317,4.6454783249104805,
Afghanistan,2021-12-09,157542,7319,4.645745261581038,
Afghanistan,2021-12-10,157585,7321,4.6457467398546815,
Afghanistan,2021-12-11,157603,7324,4.647119661427765,
Afghanistan,2021-12-12,157611,7325,4.6475182569744495,
Afghanistan,2021-12-13,157633,7328,4.648772782348874,
Afghanistan,2021-12-14,157648,7328,4.64833045772861,
Afghanistan,2021-12-15,157660,7329,4.648610934923252,
Afghanistan,2021-12-16,157665,7331,4.64973202676561,
Afghanistan,2021-12-17,157725,7332,4.648597242035188,
Afghanistan,2021-12-18,157734,7332,4.648332001978014,
Afghanistan,2021-12-19,157745,7333,4.648641795302545,
Afghanistan,2021-12-20,157787,7335,4.648671943823002,
Afghanistan,2021-12-21,157797,7335,4.648377345576912,
Afghanistan,2021-12-22,157816,7335,4.647817711765601,
Afghanistan,2021-12-23,157841,7341,4.650882850463441,
Afghanistan,2021-12-24,157878,7346,4.652959880413991,
Afghanistan,2021-12-25,157887,7348,4.653961377440828,
Afghanistan,2021-12-26,157902,7352,4.6560524882522065,
Afghanistan,2021-12-27,157951,7354,4.655874290127951,10.2094
Afghanistan,2021-12-28,157967,7354,4.65540271069274,
Afghanistan,2021-12-29,157998,7355,4.65512221673692,
Afghanistan,2021-12-30,158039,7356,4.6545472952878715,
Afghanistan,2021-12-31,158059,7356,4.65395833201526,
Afghanistan,2022-01-01,158059,7356,4.65395833201526,
Afghanistan,2022-01-02,158112,7356,4.652398299939284,
Afghanistan,2022-01-03,158156,7361,4.654265408836845,
Afghanistan,2022-01-04,158171,7364,4.655720707335732,
Afghanistan,2022-01-05,158207,7366,4.6559254647392345,
Afghanistan,2022-01-06,158245,7367,4.65543935037442,
Afghanistan,2022-01-07,158279,7368,4.655071108612008,
Afghanistan,2022-01-08,158305,7368,4.654306560121285,
Afghanistan,2022-01-09,158345,7369,4.653762354352837,10.740991
Afghanistan,2022-01-10,158381,7373,4.655230109672246,
Afghanistan,2022-01-11,158394,7373,4.654848037173125,10.790888
Afghanistan,2022-01-12,158452,7374,4.653775275793301,
Afghanistan,2022-01-13,158511,7376,4.6533048179621606,10.85762
Afghanistan,2022-01-14,158602,7376,4.650634922636536,
Afghanistan,2022-01-15,158639,7376,4.649550236700938,
Afghanistan,2022-01-16,158678,7378,4.649667880865652,
Afghanistan,2022-01-17,158737,7379,4.648569646648229,10.924229
Afghanistan,2022-01-18,158826,7381,4.647224006145089,
Afghanistan,2022-01-19,158974,7383,4.644155648093399,10.966825
Afghanistan,2022-01-20,159070,7386,4.643238825674231,
Afghanistan,2022-01-21,159303,7386,4.636447524528728,
Afghanistan,2022-01-22,159316,7386,4.636069195812096,
Afghanistan,2022-01-23,159548,7390,4.631834933687667,
Afghanistan,2022-01-24,159682,7393,4.629826780726694,11.056319
Afghanistan,2022-01-25,159896,7393,4.623630359733827,
Afghanistan,2022-01-26,160252,7397,4.61585502833038,11.117546
Afghanistan,2022-01-27,160708,7401,4.60524678298529,11.132352
Afghanistan,2022-01-28,161009,7403,4.597879621636058,
Afghanistan,2022-01-29,161058,7403,4.596480770902408,
Afghanistan,2022-01-30,161666,7407,4.58166837801393,
Afghanistan,2022-01-31,162140,7409,4.569507832737141,11.224193
Afghanistan,2022-02-01,162750,7414,4.555453149001536,
Afghanistan,2022-02-02,163720,7417,4.530295626679697,11.281099
Afghanistan,2022-02-03,164190,7418,4.517936536938913,
Afghanistan,2022-02-04,164727,7420,4.504422468690621,
Afghanistan,2022-02-05,165358,7420,4.487233759479432,
Afghanistan,2022-02-06,165712,7425,4.48066525055518,
Afghanistan,2022-02-07,166191,7432,4.471962982351632,11.420438
Afghanistan,2022-02-08,166924,7442,4.458316359540869,
Afghanistan,2022-02-09,167739,7454,4.443808535880147,
Afghanistan,2022-02-10,168550,7465,4.428952832987244,
Afghanistan,2022-02-11,169448,7477,4.412563146215948,
Afghanistan,2022-02-12,169938,7482,4.402782191152068,
Afghanistan,2022-02-13,170152,7488,4.400771075273873,
Afghanistan,2022-02-14,170604,7494,4.392628543293241,11.640094
Afghanistan,2022-02-15,171076,7501,4.3846009960485395,
Afghanistan,2022-02-16,171422,7504,4.377501137543606,
Afghanistan,2022-02-17,171519,7513,4.380272739463266,
Afghanistan,2022-02-18,171673,7524,4.382750927635679,
Afghanistan,2022-02-19,171870,7529,4.380636527608075,
Afghanistan,2022-02-20,171930,7534,4.382015936718433,11.832579
Afghanistan,2022-02-21,172206,7541,4.379057640268051,
Afghanistan,2022-02-22,172441,7549,4.377729194333134,
Afghanistan,2022-02-23,172901,7574,4.380541465925587,
Afghanistan,2022-02-24,172924,7575,4.380537114570563,
Afghanistan,2022-02-25,173047,7578,4.379157107606604,
Afghanistan,2022-02-26,173116,7581,4.379144619792509,
Afghanistan,2022-02-27,173180,7588,4.381568310428456,12.09265
Afghanistan,2022-02-28,173395,7593,4.379019002854754,
Afghanistan,2022-03-01,173659,7598,4.375241133485739,
Afghanistan,2022-03-02,173879,7609,4.3760316081873025,
Afghanistan,2022-03-03,174073,7617,4.37575040356632,
Afghanistan,2022-03-04,174214,7619,4.373356905874385,
Afghanistan,2022-03-05,174269,7620,4.372550482300352,
Afghanistan,2022-03-06,174347,7622,4.371741412241105,12.2052355
Afghanistan,2022-03-07,174582,7623,4.366429528817404,
Afghanistan,2022-03-08,175000,7626,4.357714285714286,
Afghanistan,2022-03-09,175353,7630,4.351222961683005,
Afghanistan,2022-03-10,175525,7636,4.350377439111238,
Afghanistan,2022-03-11,175872,7639,4.343499818049491,
Afghanistan,2022-03-12,175960,7640,4.341895885428507,
Afghanistan,2022-03-13,176062,7642,4.340516408992287,
Afghanistan,2022-03-14,176201,7643,4.337659831669514,
Afghanistan,2022-03-15,176409,7645,4.3336791206797844,
Afghanistan,2022-03-16,176571,7646,4.330269410039021,
Afghanistan,2022-03-17,176571,7646,4.330269410039021,12.485668
Afghanistan,2022-03-18,176918,7651,4.324602358154625,
Afghanistan,2022-03-19,177009,7651,4.322379088068969,
Afghanistan,2022-03-20,177039,7652,4.322211490123645,
Afghanistan,2022-03-21,177116,7654,4.321461640958468,
Afghanistan,2022-03-22,177191,7654,4.31963248697733,12.525797
Afghanistan,2022-03-23,177255,7656,4.319201150884319,
Afghanistan,2022-03-24,177321,7657,4.318157465838789,
Afghanistan,2022-03-25,177391,7658,4.317017210568744,
Afghanistan,2022-03-26,177435,7658,4.31594668470144,
Afghanistan,2022-03-27,177474,7660,4.316125178899444,
Afghanistan,2022-03-28,177544,7662,4.315549948181859,
Afghanistan,2022-03-29,177602,7663,4.314703663247036,
Afghanistan,2022-03-30,177663,7665,4.314347950895797,
Afghanistan,2022-03-31,177694,7665,4.3135952817765375,
Afghanistan,2022-04-01,177747,7670,4.315122055505859,
Afghanistan,2022-04-02,177771,7671,4.315102013264256,
Afghanistan,2022-04-03,177805,7671,4.314276876353309,
Afghanistan,2022-04-04,177827,7671,4.313743132370225,12.785127
Afghanistan,2022-04-05,177897,7671,4.312045734329415,
Afghanistan,2022-04-06,177932,7671,4.311197536137401,
Afghanistan,2022-04-07,177974,7671,4.3101801386719405,
Afghanistan,2022-04-08,178017,7673,4.310262503019375,
Afghanistan,2022-04-09,178061,7673,4.309197409876391,
Afghanistan,2022-04-10,178090,7675,4.309618732101747,
Afghanistan,2022-04-11,178141,7675,4.308384931037774,
Afghanistan,2022-04-12,178191,7675,4.307176007766947,
Afghanistan,2022-04-13,178295,7676,4.305224487506661,
Afghanistan,2022-04-14,178332,7676,4.304331247336428,12.930335
Afghanistan,2022-04-15,178352,7676,4.303848569121737,
Afghanistan,2022-04-16,178373,7676,4.3033418734898214,
Afghanistan,2022-04-17,178387,7676,4.303004142678558,
Afghanistan,2022-04-18,178418,7678,4.303377461915278,12.947457
Afghanistan,2022-04-19,178513,7680,4.302207682353666,
Afghanistan,2022-04-20,178516,7680,4.302135382822828,
Afghanistan,2022-04-21,178555,7680,4.30119571000532,
Afghanistan,2022-04-22,178611,7680,4.299847153870702,
Afghanistan,2022-04-23,178636,7680,4.29924539286594,
Afghanistan,2022-04-24,178648,7681,4.299516367381666,
Afghanistan,2022-04-25,178689,7682,4.299089479486707,
Afghanistan,2022-04-26,178745,7683,4.298302050407004,13.0281105
Afghanistan,2022-04-27,178769,7683,4.297724997063249,13.029022
Afghanistan,2022-04-28,178769,7683,4.297724997063249,
Afghanistan,2022-04-29,178805,7683,4.296859707502587,
Afghanistan,2022-04-30,178873,7683,4.29522622195636,
Afghanistan,2022-05-01,178879,7683,4.295082150503972,
Afghanistan,2022-05-02,178899,7683,4.294601982123992,
Afghanistan,2022-05-03,178901,7683,4.29455397119077,
Afghanistan,2022-05-04,178901,7683,4.29455397119077,
Afghanistan,2022-05-05,178905,7684,4.29501690841508,13.106543
Afghanistan,2022-05-06,178905,7684,4.29501690841508,
Afghanistan,2022-05-07,178919,7684,4.2946808332262085,
Afghanistan,2022-05-08,178923,7684,4.294584821403621,13.1112175
Afghanistan,2022-05-09,178981,7684,4.293193132231913,
Afghanistan,2022-05-10,179010,7685,4.293056253840567,13.125799
Afghanistan,2022-05-11,179066,7686,4.292272123127786,
Afghanistan,2022-05-12,179131,7686,4.290714616677181,
Afghanistan,2022-05-13,179169,7686,4.289804597893609,
Afghanistan,2022-05-14,179220,7687,4.289141836848566,
Afghanistan,2022-05-15,179243,7690,4.290265170745859,13.20868
Afghanistan,2022-05-16,179267,7690,4.2896907964098245,
Afghanistan,2022-05-17,179321,7691,4.288956675459093,
Afghanistan,2022-05-18,179416,7691,4.2866856913541715,
Afghanistan,2022-05-19,179447,7691,4.285945153722269,
Afghanistan,2022-05-20,179597,7695,4.284592727050007,
Afghanistan,2022-05-21,179669,7697,4.28398889068231,
Afghanistan,2022-05-22,179674,7697,4.283869675078197,
Afghanistan,2022-05-23,179716,7698,4.283424959380356,13.325815
Afghanistan,2022-05-24,179771,7698,4.282114467850766,
Afghanistan,2022-05-25,179835,7699,4.281146606611616,
Afghanistan,2022-05-26,179908,7699,4.279409475954377,
Afghanistan,2022-05-27,180024,7699,4.276652001955295,
Afghanistan,2022-05-28,180092,7699,4.27503720320725,
Afghanistan,2022-05-29,180123,7701,4.275411801935344,
Afghanistan,2022-05-30,180176,7701,4.27415416037652,
Afghanistan,2022-05-31,180263,7703,4.273200823241597,
Afghanistan,2022-06-01,180347,7705,4.272319473015909,13.447694
Afghanistan,2022-06-02,180419,7707,4.271723044690415,
Afghanistan,2022-06-03,180520,7708,4.269886993130955,
Afghanistan,2022-06-04,180584,7708,4.268373720816905,
Afghanistan,2022-06-05,180618,7709,4.268123885769968,
Afghanistan,2022-06-06,180688,7709,4.266470379881342,
Afghanistan,2022-06-07,180741,7709,4.265219291693638,
Afghanistan,2022-06-08,180784,7709,4.26420479688468,
Afghanistan,2022-06-09,180864,7709,4.2623186482661,
Afghanistan,2022-06-10,180961,7709,4.26003392996281,
Afghanistan,2022-06-11,181003,7709,4.25904543018624,
Afghanistan,2022-06-12,181033,7709,4.258339639734192,
Afghanistan,2022-06-13,181120,7710,4.25684628975265,
Afghanistan,2022-06-14,181178,7710,4.255483557606333,
Afghanistan,2022-06-15,181236,7710,4.254121697675958,13.734188
Afghanistan,2022-06-16,181320,7710,4.252150893448048,
Afghanistan,2022-06-17,181494,7713,4.249727263711197,
Afghanistan,2022-06-18,181542,7713,4.248603628912317,
Afghanistan,2022-06-19,181574,7713,4.247854869089187,
Afghanistan,2022-06-20,181666,7713,4.245703653958363,
Afghanistan,2022-06-21,181749,7714,4.244314961842981,13.873046
Afghanistan,2022-06-22,181808,7715,4.243487635307577,
Afghanistan,2022-06-23,181934,7715,4.240548770433234,
Afghanistan,2022-06-24,181987,7715,4.239313797139356,
Afghanistan,2022-06-25,182024,7715,4.2384520722542085,
Afghanistan,2022-06-26,182072,7717,4.238433147326332,
Afghanistan,2022-06-27,182149,7717,4.236641430916448,
Afghanistan,2022-06-28,182250,7720,4.235939643347051,
Afghanistan,2022-06-29,182352,7722,4.2346670176362196,
Afghanistan,2022-06-30,182430,7722,4.232856438085841,14.079464
Afghanistan,2022-07-01,182528,7723,4.231131661991585,
Afghanistan,2022-07-02,182614,7723,4.229139058341639,
Afghanistan,2022-07-03,182643,7724,4.229015073120788,
Afghanistan,2022-07-04,182724,7724,4.227140386593989,
Afghanistan,2022-07-05,182793,7725,4.226091808767294,
Afghanistan,2022-07-06,182873,7725,4.224243053922668,
Afghanistan,2022-07-07,182979,7725,4.221795943796829,
Afghanistan,2022-07-08,183084,7727,4.2204671079941445,
Afghanistan,2022-07-09,183216,7727,4.217426425639682,
Afghanistan,2022-07-10,183219,7727,4.217357370141743,14.18299
Afghanistan,2022-07-11,183265,7728,4.216844460207896,
Afghanistan,2022-07-12,183268,7728,4.216775432699653,
Afghanistan,2022-07-13,183272,7728,4.2166833995373,
Afghanistan,2022-07-14,183285,7728,4.216384319502414,
Afghanistan,2022-07-15,183358,7728,4.214705657784226,
Afghanistan,2022-07-16,183412,7729,4.214009988441323,
Afghanistan,2022-07-17,183450,7730,4.213682202234941,14.710635
Afghanistan,2022-07-18,183617,7732,4.2109390742687225,
Afghanistan,2022-07-19,183687,7733,4.209878761153484,17.594027
Afghanistan,2022-07-20,183908,7736,4.2064510516127624,
Afghanistan,2022-07-21,184069,7737,4.203315061199876,
Afghanistan,2022-07-22,184224,7738,4.200321347924266,
Afghanistan,2022-07-23,184390,7738,4.1965399425131515,
Afghanistan,2022-07-24,184474,7738,4.194629053416741,
Afghanistan,2022-07-25,184587,7738,4.192061196075563,
Afghanistan,2022-07-26,184852,7739,4.186592517257049,
Afghanistan,2022-07-27,185086,7742,4.182920372151324,17.97663
Afghanistan,2022-07-28,185272,7743,4.179260762554515,
Afghanistan,2022-07-29,185393,7743,4.176533094561283,
Afghanistan,2022-07-30,185481,7743,4.174551571319974,
Afghanistan,2022-07-31,185580,7747,4.174480008621619,
Afghanistan,2022-08-01,185749,7748,4.171220302666502,
Afghanistan,2022-08-02,185930,7751,4.168773194212876,
Afghanistan,2022-08-03,186156,7752,4.1642493392638436,
Afghanistan,2022-08-04,186393,7752,4.158954467174197,
Afghanistan,2022-08-05,186730,7752,4.151448615648262,
Afghanistan,2022-08-06,186974,7752,4.146030998962423,
Afghanistan,2022-08-07,187046,7752,4.1444350587556,22.342766
Afghanistan,2022-08-08,187442,7752,4.1356793034645385,
Afghanistan,2022-08-09,187685,7753,4.130857553880172,
Afghanistan,2022-08-10,187966,7753,4.124682123362736,
Afghanistan,2022-08-11,188202,7753,4.1195098883114944,
Afghanistan,2022-08-12,188506,7755,4.11392740814616,
Afghanistan,2022-08-13,188745,7756,4.109247927097407,
Afghanistan,2022-08-14,188831,7758,4.108435585258776,
Afghanistan,2022-08-15,189045,7758,4.103784813139728,25.76391
Afghanistan,2022-08-16,189389,7759,4.096858846078706,
Afghanistan,2022-08-17,189477,7759,4.094956116045747,
Afghanistan,2022-08-18,189710,7759,4.089926730272521,
Afghanistan,2022-08-19,190101,7759,4.081514563311082,
Afghanistan,2022-08-20,190227,7759,4.078811104627629,
Afghanistan,2022-08-21,190435,7759,4.074356079502192,
Afghanistan,2022-08-22,190767,7764,4.069886301089811,26.160128
Afghanistan,2022-08-23,191040,7767,4.065640703517588,
Afghanistan,2022-08-24,191247,7768,4.061763060335586,
Afghanistan,2022-08-25,191585,7769,4.05511913771955,
Afghanistan,2022-08-26,191931,7771,4.048850889121612,
Afghanistan,2022-08-27,192079,7771,4.045731183523446,
Afghanistan,2022-08-28,192208,7774,4.04457670856572,
Afghanistan,2022-08-29,192556,7777,4.038825069070816,
Afghanistan,2022-08-30,193004,7777,4.029450166835921,
Afghanistan,2022-08-31,193250,7777,4.024320827943079,26.443996
Afghanistan,2022-09-01,193520,7778,4.019222819346838,
Afghanistan,2022-09-02,193615,7778,4.017250729540582,
Afghanistan,2022-09-03,193788,7779,4.014180444609574,
Afghanistan,2022-09-04,193887,7780,4.012646541542239,26.487339
Afghanistan,2022-09-05,194163,7782,4.00797268274594,
Afghanistan,2022-09-06,194433,7783,4.002921314797385,
Afghanistan,2022-09-07,194614,7783,3.9991984132693434,
Afghanistan,2022-09-08,195087,7785,3.9905273032031863,
Afghanistan,2022-09-09,195298,7786,3.986727974684841,
Afghanistan,2022-09-10,195479,7786,3.98303654100952,
Afghanistan,2022-09-11,195647,7787,3.980127474482103,26.672268
Afghanistan,2022-09-12,196012,7787,3.9727159561659486,26.681843
Afghanistan,2022-09-13,196182,7789,3.970292891294818,
Afghanistan,2022-09-14,196404,7791,3.966823486283375,
Afghanistan,2022-09-15,196663,7791,3.9615992840544485,
Afghanistan,2022-09-16,196870,7792,3.957941788997816,
Afghanistan,2022-09-17,197023,7794,3.9558833232668267,
Afghanistan,2022-09-18,197082,7794,3.9546990592748195,
Afghanistan,2022-09-19,197333,7796,3.9506823491255902,26.79721
Afghanistan,2022-09-20,197476,7796,3.947821507423687,
Afghanistan,2022-09-21,197608,7796,3.9451844054896568,
Afghanistan,2022-09-22,197866,7796,3.9400402292460557,
Afghanistan,2022-09-23,198023,7796,3.9369164187998367,
Afghanistan,2022-09-24,198216,7796,3.9330831012632683,
Afghanistan,2022-09-25,198283,7796,3.931754109025988,
Afghanistan,2022-09-26,198455,7797,3.9288503691013075,26.905432
Afghanistan,2022-09-27,198583,7798,3.926821530543904,
Afghanistan,2022-09-28,198750,7798,3.923522012578616,26.934105
Afghanistan,2022-09-29,198876,7799,3.921539049457954,
Afghanistan,2022-09-30,199067,7799,3.9177764270321047,
Afghanistan,2022-10-01,199202,7799,3.9151213341231514,
Afghanistan,2022-10-02,199272,7799,3.913746035569473,
Afghanistan,2022-10-03,199344,7800,3.9128340958343366,
Afghanistan,2022-10-04,199591,7803,3.9094949171054805,27.013195
Afghanistan,2022-10-05,199759,7804,3.9067075826370776,
Afghanistan,2022-10-06,199882,7804,3.904303539088062,
Afghanistan,2022-10-07,199994,7804,3.9021170635119056,
Afghanistan,2022-10-08,200121,7804,3.899640717365994,
Afghanistan,2022-10-09,200199,7804,3.8981213692376087,
Afghanistan,2022-10-10,200412,7806,3.8949763487216336,
Afghanistan,2022-10-11,200504,7807,3.893687906475681,27.076202
Afghanistan,2022-10-12,200674,7807,3.890389387763238,
Afghanistan,2022-10-13,200779,7807,3.8883548578287566,
Afghanistan,2022-10-14,200846,7809,3.888053533553071,
Afghanistan,2022-10-15,201047,7810,3.8846637850850794,
Afghanistan,2022-10-16,201096,7811,3.8842145045152563,27.138142
Afghanistan,2022-10-17,201236,7811,3.8815122542686202,
Afghanistan,2022-10-18,201385,7811,3.8786404151252576,
Afghanistan,2022-10-19,201557,7812,3.875826689224388,
Afghanistan,2022-10-20,201750,7813,3.872614622057001,
Afghanistan,2022-10-21,201894,7818,3.872329043953758,
Afghanistan,2022-10-22,201894,7818,3.872329043953758,
Afghanistan,2022-10-23,202029,7818,3.8697414727588613,
Afghanistan,2022-10-24,202149,7818,3.867444310879599,27.316246
Afghanistan,2022-10-25,202240,7819,3.866198575949367,
Afghanistan,2022-10-26,202399,7820,3.863655452843146,
Afghanistan,2022-10-27,202537,7820,3.8610229242064413,
Afghanistan,2022-10-28,202702,7820,3.8578800406508074,
Afghanistan,2022-10-29,202769,7821,3.857098471659869,
Afghanistan,2022-10-30,202834,7821,3.8558624293757457,
Afghanistan,2022-10-31,202993,7821,3.852842216234057,
Afghanistan,2022-11-01,203063,7822,3.852006520143995,27.429663
Afghanistan,2022-11-02,203167,7823,3.8505269064365772,27.51606
Afghanistan,2022-11-03,203311,7823,3.847799676357895,
Afghanistan,2022-11-04,203460,7825,3.8459648088076284,
Afghanistan,2022-11-05,203552,7825,3.8442265367080646,
Afghanistan,2022-11-06,203618,7826,3.843471598778104,
Afghanistan,2022-11-07,203732,7826,3.8413209510533446,
Afghanistan,2022-11-08,203890,7828,3.83932512629359,27.59265
Afghanistan,2022-11-09,203968,7829,3.838347191716348,
Afghanistan,2022-11-10,204173,7829,3.8344932973507757,
Afghanistan,2022-11-11,204342,7829,3.8313219993931744,
Afghanistan,2022-11-12,204400,7829,3.830234833659491,
Afghanistan,2022-11-13,204431,7829,3.829654015291223,
Afghanistan,2022-11-14,204512,7829,3.8281372242215617,
Afghanistan,2022-11-15,204610,7829,3.8263036997214215,27.657425
Afghanistan,2022-11-16,204719,7830,3.824754907946991,27.691269
Afghanistan,2022-11-17,204835,7830,3.822588913027559,
Afghanistan,2022-11-18,204934,7830,3.820742287760938,
Afghanistan,2022-11-19,204967,7830,3.820127142418048,
Afghanistan,2022-11-20,205012,7831,3.819776403332488,
Afghanistan,2022-11-21,205067,7831,3.818751920104161,
